,user_id,big5_agreeableness_raw,big5_conscientiousness_raw,big5_extraversion_raw,big5_neuroticism_raw,big5_openness_raw,consumption_preferences_spur_of_moment,consumption_preferences_credit_card_payment,consumption_preferences_influence_brand_name,consumption_preferences_influence_utility,consumption_preferences_influence_online_ads,consumption_preferences_influence_social_media,consumption_preferences_influence_family_members,consumption_preferences_clothes_quality,consumption_preferences_clothes_style,consumption_preferences_clothes_comfort,consumption_preferences_automobile_ownership_cost,consumption_preferences_automobile_safety,consumption_preferences_music_rap,consumption_preferences_music_country,consumption_preferences_music_r_b,consumption_preferences_music_hip_hop,consumption_preferences_music_live_event,consumption_preferences_music_playing,consumption_preferences_music_latin,consumption_preferences_music_rock,consumption_preferences_music_classical,consumption_preferences_gym_membership,consumption_preferences_outdoor,consumption_preferences_eat_out,consumption_preferences_movie_romance,consumption_preferences_movie_adventure,consumption_preferences_movie_horror,consumption_preferences_movie_musical,consumption_preferences_movie_historical,consumption_preferences_movie_science_fiction,consumption_preferences_movie_war,consumption_preferences_movie_drama,consumption_preferences_movie_action,consumption_preferences_movie_documentary,consumption_preferences_read_frequency,consumption_preferences_books_entertainment_magazines,consumption_preferences_books_non_fiction,consumption_preferences_books_financial_investing,consumption_preferences_books_autobiographies,consumption_preferences_volunteer,consumption_preferences_concerned_environment,consumption_preferences_start_business,instrumentalness,liveness,speechiness,danceability,valence,loudness,tempo,acousticness,energy
0,1660016348,0.636463372,0.549034445,0.556836946,0.668032262,0.777299484,0.0,1,0.0,1.0,0,0,0,1,1,1,1.0,0.0,1.0,0.5,0.5,1.0,1,1,0.5,1.0,0.5,0,0.5,0.0,0,0,0,0,1,1,0,0,0,1,0.0,0,1,1,1,0,1.0,1.0,0.00025474814814814816,0.1543518518518519,0.060248148148148155,0.6072345679012341,0.4266271604938271,-5.118185185185185,120.1276913580247,0.3625793827160492,0.6861851851851852
1,774789176,0.725577283,0.565932297,0.5859662729999999,0.488020849,0.756625148,1.0,0,1.0,0.5,1,1,0,0,1,0,0.0,0.5,1.0,0.5,1.0,1.0,0,0,0.5,0.0,0.0,0,0.5,1.0,1,0,1,0,0,0,0,0,0,0,0.0,1,0,1,0,0,0.0,1.0,4.6139253731343295e-05,0.22174776119402992,0.18449701492537315,0.6836119402985075,0.4452597014925373,-6.829059701492537,121.52576119402981,0.15248379104477613,0.6229402985074628
2,124640597,0.693067917,0.65068163,0.5401105589999999,0.694137001,0.736175683,0.0,1,1.0,0.5,0,0,0,1,0,1,0.0,0.0,1.0,0.5,0.5,1.0,0,0,0.0,1.0,0.5,0,1.0,1.0,0,1,0,0,0,1,1,0,1,1,0.0,0,0,1,0,0,0.5,0.5,0.014939106867469873,0.18973855421686747,0.08382289156626507,0.650144578313253,0.5799036144578313,-6.809686746987952,122.69900000000004,0.15730142168674696,0.7063253012048191
3,946275781,0.761264308,0.567339214,0.609375115,0.533985167,0.798117138,0.0,0,0.0,0.0,1,1,1,0,1,1,1.0,1.0,0.5,1.0,0.0,1.0,0,1,0.5,1.0,1.0,0,0.0,0.0,1,0,1,1,0,1,0,1,0,1,0.5,1,1,0,1,0,0.0,1.0,0.15972539793706295,0.16557202797202783,0.05298881118881115,0.5739825174825176,0.4786842657342655,-12.818216783216782,114.88513986013992,0.5022283916083917,0.41962314685314706
4,794756550,0.609791412,0.564424905,0.516164992,0.673967049,0.8388924240000001,0.0,1,0.0,1.0,0,0,0,1,0,1,1.0,0.0,0.5,0.5,0.5,0.5,1,1,1.0,1.0,1.0,0,0.5,0.0,0,1,0,0,1,1,1,0,1,1,1.0,0,1,1,1,0,1.0,0.5,0.36486612303030297,0.26104242424242424,0.05006666666666666,0.4677272727272727,0.3008121212121212,-8.632363636363635,126.9260303030303,0.1452253,0.7030363636363633
5,69058803,0.637150711,0.5987108489999999,0.49159719399999996,0.812980481,0.787282363,0.0,0,0.0,1.0,0,0,0,1,1,0,0.5,0.0,1.0,0.0,0.5,1.0,1,1,0.5,1.0,1.0,0,0.5,0.5,0,1,0,0,1,1,0,0,1,1,0.0,0,1,1,1,0,1.0,1.0,0.018657243870967743,0.26112258064516136,0.035983870967741936,0.42641935483870974,0.3053903225806452,-9.231967741935481,123.80564516129033,0.15098030967741935,0.6301612903225807
6,463215079,0.6299864629999999,0.5783996060000001,0.525403318,0.437002905,0.7949971309999999,0.0,1,1.0,1.0,0,0,0,1,1,0,1.0,0.0,0.5,0.0,0.5,1.0,1,1,0.5,1.0,0.5,0,0.5,0.0,0,1,0,1,1,1,0,0,1,1,0.0,1,1,1,1,0,0.5,0.0,0.32685425,0.2125125,0.04259583333333333,0.378625,0.35792916666666663,-9.918916666666668,127.23479166666665,0.08155551916666666,0.6895833333333333
7,329923777,0.6948746990000001,0.487153944,0.545718548,0.6501994000000001,0.7409777190000001,1.0,0,0.0,1.0,1,1,1,0,1,1,0.5,0.5,0.5,0.0,1.0,1.0,0,1,0.5,1.0,0.5,0,0.0,0.0,1,0,1,0,1,0,0,1,0,1,0.0,1,0,0,1,0,0.0,1.0,0.032292016800000004,0.15144199999999997,0.053328,0.55212,0.49350400000000005,-7.642939999999998,116.58326000000002,0.5182885999999999,0.55922
8,2185023655,0.7249976220000001,0.572780551,0.6175639789999999,0.7206720190000001,0.800610852,1.0,0,0.5,0.5,0,1,0,0,1,0,0.0,0.5,1.0,0.5,1.0,1.0,0,0,0.5,0.0,0.5,0,0.5,1.0,1,0,1,0,0,0,0,0,0,0,0.0,1,0,1,0,0,0.0,1.0,0.1363370985,0.145015,0.06275,0.5647500000000001,0.44777999999999984,-10.76825,123.65725,0.47991504999999995,0.4802700000000001
9,282079286,0.714691502,0.545875064,0.589933127,0.538300728,0.749354958,1.0,0,0.0,0.5,1,1,0,0,1,0,0.0,0.5,1.0,0.5,1.0,1.0,0,0,0.5,0.0,0.5,0,0.0,1.0,1,0,1,0,0,0,0,0,0,0,0.0,1,0,1,0,0,0.0,1.0,0.11381874794117644,0.1934147058823529,0.12798823529411765,0.5823529411764706,0.39158235294117644,-7.297852941176472,123.14750000000001,0.1864888735294118,0.6717647058823527
10,19615058,0.715344903,0.5723439229999999,0.49076787,0.583454678,0.809567192,1.0,0,0.0,1.0,1,1,0,0,0,1,0.0,0.0,1.0,0.0,1.0,1.0,0,1,0.5,1.0,0.5,0,0.0,0.0,0,0,1,0,0,0,0,0,0,1,0.0,1,0,0,0,0,0.0,1.0,0.06158495613861387,0.2446851485148516,0.06526138613861387,0.4492079207920793,0.41961386138613876,-7.538445544554454,124.76748514851491,0.07939659792079205,0.8085643564356437
11,264191368,0.748892527,0.7038186340000001,0.634839589,0.42299915299999996,0.781293083,0.5,1,1.0,0.5,1,1,1,1,1,0,0.0,0.5,1.0,1.0,1.0,1.0,0,0,1.0,0.0,0.5,0,1.0,1.0,1,0,0,0,0,0,0,0,0,0,0.0,0,0,1,0,0,0.5,1.0,0.04962264206896552,0.22287586206896548,0.11451379310344828,0.4730000000000001,0.4266724137931034,-6.639827586206897,126.68782758620688,0.11689670689655172,0.8335517241379311
12,37464498,0.690969554,0.552601418,0.59388938,0.613031965,0.77374383,1.0,0,0.0,0.5,1,1,0,0,1,0,0.5,0.5,1.0,0.5,1.0,1.0,0,0,0.5,0.5,0.5,0,0.5,0.0,0,0,0,0,0,0,0,0,0,1,0.0,0,0,1,1,0,0.0,1.0,0.14304554064393935,0.18276628787878774,0.06014545454545456,0.5447234848484845,0.5587534090909085,-8.426087121212122,123.05386742424234,0.20990366348484843,0.6884208333333337
13,1311436706,0.697462971,0.572967369,0.592583902,0.708701593,0.789886038,0.0,1,0.0,1.0,0,0,0,1,0,1,1.0,1.0,0.5,0.5,0.5,0.0,1,1,1.0,1.0,1.0,0,1.0,0.0,0,1,0,0,1,1,1,1,1,1,1.0,0,1,1,1,1,1.0,0.5,0.07312322649779732,0.1823905286343612,0.05679999999999992,0.5277907488986784,0.5204720264317182,-6.3086894273127765,126.71346696035243,0.11486175361233483,0.7575814977973566
14,1901627161,0.709447985,0.532485213,0.48894834600000003,0.660821484,0.810322235,1.0,0,0.0,1.0,1,1,0,0,1,1,0.0,0.0,1.0,0.0,1.0,1.0,0,1,0.5,1.0,0.5,0,0.0,0.0,0,0,1,0,0,0,0,0,0,1,0.0,1,0,0,1,0,0.0,1.0,0.12352640684210528,0.21569789473684214,0.08824105263157896,0.40948421052631573,0.3074126315789474,-5.9007052631578985,129.28273684210524,0.014748586526315789,0.8822105263157892
15,50199850,0.705686157,0.572472863,0.595769336,0.634384604,0.771193279,1.0,0,1.0,0.5,0,1,0,0,1,0,0.0,0.5,1.0,0.5,1.0,1.0,0,0,0.5,0.0,0.5,0,0.5,1.0,0,0,0,0,0,0,0,0,0,0,0.0,0,0,1,1,0,0.0,1.0,0.0016233444827586205,0.19273793103448272,0.14901379310344828,0.6836206896551724,0.5551724137931033,-6.556448275862069,114.49196551724137,0.18762103448275866,0.6911379310344827
16,563520304,0.714995123,0.5553227820000001,0.558133846,0.725222338,0.7702392,1.0,0,0.0,1.0,1,1,0,0,1,0,0.0,0.5,1.0,0.5,1.0,1.0,0,1,0.5,0.5,0.5,0,0.0,1.0,1,0,1,0,0,0,0,0,0,0,0.0,1,0,0,0,0,0.0,1.0,0.00546868342657343,0.1812013986013986,0.057682517482517494,0.5081608391608392,0.46139999999999975,-4.7855664335664345,129.95111888111884,0.07487025314685317,0.8185804195804199
17,145500140,0.715744212,0.6016424579999999,0.5379023860000001,0.560436896,0.720250362,1.0,1,0.5,0.5,0,0,0,1,1,1,0.5,0.5,0.5,0.5,0.5,0.5,1,1,0.5,0.0,0.5,0,1.0,0.0,0,1,0,0,1,1,1,0,0,1,0.0,0,0,0,0,0,0.0,0.0,0.08017653571428572,0.24132380952380952,0.04900000000000001,0.5029285714285714,0.376647619047619,-11.453190476190473,113.40690476190481,0.48250714285714313,0.441895238095238
18,1305271094,0.674656528,0.565250982,0.554673695,0.8053768109999999,0.719309498,1.0,0,1.0,0.5,0,0,0,1,0,0,1.0,0.5,1.0,0.5,0.5,1.0,1,0,0.5,1.0,0.5,0,1.0,0.5,0,0,0,0,1,0,1,0,0,1,0.0,0,0,1,1,0,0.0,1.0,0.03437013964285714,0.2008107142857143,0.0789,0.5556071428571429,0.5370357142857143,-11.546642857142858,116.2153214285714,0.5515660714285714,0.44126785714285716
19,1371597391,0.7105464659999999,0.580811701,0.543492997,0.532254163,0.7180656990000001,1.0,0,1.0,0.5,0,1,0,0,1,0,0.0,0.5,1.0,0.5,1.0,1.0,0,0,0.5,0.5,0.0,1,0.5,1.0,0,0,1,0,0,0,1,0,0,0,0.0,1,0,1,1,0,0.0,1.0,1.9583333333333333e-05,0.3069999999999999,0.07587499999999997,0.6586666666666668,0.6545833333333335,-8.440333333333326,109.28091666666676,0.15008333333333346,0.731416666666667
20,22912624,0.746053447,0.556609099,0.562386189,0.537251968,0.75757714,0.0,1,0.0,1.0,1,1,1,0,1,1,1.0,1.0,0.5,0.0,0.0,0.5,1,1,0.5,1.0,1.0,0,0.0,0.0,1,1,1,1,1,1,0,1,0,1,0.5,1,1,0,1,0,1.0,0.0,0.12565808703703704,0.18965185185185185,0.051814814814814814,0.4701481481481481,0.49910370370370377,-7.247074074074074,129.9176296296297,0.17516940629629635,0.7575185185185185
21,1262929868,0.652892991,0.586239879,0.572460896,0.78373893,0.75948145,1.0,0,1.0,0.5,0,0,0,1,1,0,0.0,0.5,1.0,0.5,1.0,1.0,1,0,0.0,0.0,0.5,1,0.5,1.0,0,0,0,0,0,0,1,0,0,1,0.0,0,0,1,0,0,0.0,1.0,0.651863503076923,0.21940461538461542,0.059220000000000016,0.5563846153846155,0.3523169230769231,-9.671323076923079,135.8224,0.08171302923076922,0.7517999999999999
22,194640276,0.739559918,0.586464517,0.630553315,0.703234823,0.80257876,1.0,1,1.0,0.5,0,1,0,0,1,0,0.0,0.5,1.0,0.5,1.0,1.0,0,0,0.5,0.5,0.5,0,1.0,0.0,0,0,1,0,0,0,0,1,0,1,0.0,1,1,1,1,0,0.0,1.0,0.043901049875000014,0.17307750000000005,0.052837499999999996,0.5890999999999998,0.42974000000000007,-10.1392375,113.66092499999999,0.4638034999999999,0.44078625000000005
23,844637467,0.719061981,0.562972024,0.6140079820000001,0.618549841,0.754005906,1.0,0,1.0,0.5,1,1,0,0,1,0,0.0,0.5,1.0,0.5,1.0,1.0,0,0,0.5,0.0,0.0,0,0.5,1.0,1,0,1,0,0,0,0,0,0,0,0.0,0,0,1,0,0,0.0,1.0,0.11632841047368425,0.2441121052631577,0.14339526315789494,0.6342421052631579,0.4734026315789476,-5.661915789473682,127.40774736842116,0.15099830631578953,0.747668421052632
24,585278571,0.73277298,0.532860444,0.505685311,0.918641232,0.811320918,1.0,0,0.0,1.0,1,1,0,0,1,0,0.0,0.0,1.0,0.0,1.0,1.0,0,1,0.5,1.0,1.0,0,0.0,0.0,1,0,1,0,0,0,0,1,0,0,0.5,1,0,0,1,0,0.0,1.0,0.16396615647302915,0.23161618257261404,0.08921203319502084,0.40098547717842303,0.33550165975103735,-5.483668049792532,131.04976348547711,0.05186082622406637,0.8768253112033195
25,787430022,0.7444841729999999,0.535219668,0.594662797,0.660249069,0.7640584979999999,1.0,0,0.0,0.5,1,1,0,0,1,0,0.0,0.5,1.0,0.5,1.0,1.0,0,0,0.5,0.5,0.5,0,0.0,1.0,1,0,1,0,0,0,0,1,0,0,0.0,1,0,0,0,0,0.0,1.0,0.00676247842857143,0.21791142857142864,0.09156,0.5623714285714286,0.4518328571428571,-5.8994,115.26415714285716,0.24030481142857138,0.6755428571428571
26,164625845,0.7276006159999999,0.577330625,0.5549374460000001,0.760487493,0.77496997,1.0,0,0.0,0.5,0,1,0,0,1,0,0.0,0.5,1.0,0.5,1.0,1.0,0,0,0.5,0.0,0.5,0,0.0,0.0,0,0,1,0,0,0,0,0,0,0,0.0,1,0,1,1,0,0.0,1.0,0.0421836676,0.1715348888888887,0.06922888888888883,0.5784399999999998,0.5047271111111115,-6.271891111111113,121.74515555555567,0.14099569857777788,0.7348199999999996
27,1358348454,0.751642186,0.538827892,0.530028095,0.679226032,0.749556173,1.0,0,0.5,1.0,1,1,0,0,1,0,0.0,0.5,1.0,0.5,1.0,1.0,0,0,0.5,0.5,0.5,0,0.0,1.0,1,0,1,0,0,0,0,0,0,0,0.0,1,0,1,0,0,0.0,1.0,0.006139287427184466,0.3061703883495144,0.07331796116504852,0.46522330097087367,0.3492932038834951,-7.73169902912622,111.26195145631064,0.4039009708737861,0.5756533980582528
28,2262037056,0.7076735270000001,0.549387148,0.555157779,0.892604492,0.720808131,1.0,0,1.0,0.5,1,1,0,0,1,0,0.0,0.5,1.0,0.5,1.0,1.0,0,0,0.5,0.5,0.0,1,0.0,1.0,1,0,1,0,0,0,1,0,0,0,0.0,0,0,1,0,0,0.0,1.0,0.0025557228078817735,0.1535990147783251,0.08257241379310347,0.7295024630541869,0.6426502463054191,-7.2027684729064045,109.78451231527096,0.13899314285714282,0.618024630541872
29,985591650,0.713777966,0.527286383,0.507713544,0.42251769999999994,0.7413677790000001,1.0,1,0.0,1.0,1,1,1,0,1,1,0.0,1.0,0.5,0.0,0.0,0.5,0,1,0.5,1.0,1.0,0,0.0,0.0,1,1,1,1,0,1,0,1,0,0,0.5,1,0,0,1,0,0.0,0.0,0.00020922061371841152,0.18643718411552326,0.038192779783393534,0.47166137184115536,0.4212498194945846,-7.536046931407935,127.70153429602881,0.2955542238267147,0.6151516245487364
30,95380609,0.712588516,0.545612627,0.57788718,0.61766983,0.759039191,1.0,0,0.0,0.5,1,1,0,0,1,0,0.0,0.5,1.0,0.5,1.0,1.0,0,0,0.5,0.0,0.5,0,0.0,1.0,1,0,1,0,0,0,0,1,0,0,0.0,1,0,0,1,0,0.0,1.0,0.46585221090909085,0.16963727272727275,0.06353,0.6370545454545453,0.4616881818181819,-11.54882727272727,114.9867363636364,0.3708224454545454,0.517818618181818
31,890701958,0.7208337859999999,0.597747236,0.483070093,0.663605596,0.8062089840000001,0.0,0,0.0,1.0,1,1,0,1,0,1,0.5,0.0,0.5,0.0,1.0,1.0,0,1,0.5,1.0,1.0,0,0.0,0.0,0,0,1,0,0,1,0,1,0,1,0.5,1,0,0,0,0,0.0,1.0,0.48751481955555576,0.16472666666666663,0.07442666666666665,0.6121333333333334,0.4120022222222219,-9.521466666666669,117.76524444444438,0.4579202222222222,0.5684888888888886
32,702060668,0.709487468,0.5882211620000001,0.536502872,0.563829269,0.8389269420000001,1.0,1,0.0,1.0,0,0,0,1,1,1,0.5,0.0,0.5,0.0,0.5,1.0,1,1,0.5,1.0,1.0,0,0.0,0.0,0,0,1,1,1,1,0,0,0,1,0.0,1,1,0,1,0,1.0,0.0,0.20877482999999997,0.24839090909090913,0.1012909090909091,0.3533636363636364,0.3173954545454546,-6.2911363636363635,121.58559090909093,0.043980805454545455,0.8970000000000001
33,110330408,0.761694814,0.577203337,0.609374555,0.403679258,0.728053807,1.0,1,0.0,0.0,1,1,1,0,1,1,0.5,1.0,0.5,1.0,0.0,0.5,1,1,0.5,0.0,1.0,0,0.0,0.0,1,0,1,1,0,1,0,1,0,1,0.5,1,0,0,1,0,0.0,0.0,0.2113067734210526,0.20453157894736837,0.06388684210526314,0.4916052631578946,0.548528947368421,-9.206105263157896,135.04734210526317,0.12807505,0.7142894736842106
34,866423124,0.7082720440000001,0.580950278,0.540662502,0.621011254,0.7154872790000001,1.0,0,1.0,0.5,0,1,0,0,1,0,0.0,0.5,1.0,0.5,1.0,1.0,0,0,0.5,0.5,0.0,1,0.5,1.0,0,0,0,0,0,0,1,0,0,0,0.0,0,0,1,0,0,0.0,1.0,6.9368571428571425e-06,0.34638285714285705,0.06218,0.5845714285714287,0.5383428571428573,-7.813342857142855,102.67348571428575,0.39754285714285714,0.6363714285714287
35,132588395,0.731106736,0.610375531,0.533339381,0.406754635,0.65259879,1.0,1,0.5,0.5,0,1,1,0,1,1,1.0,1.0,0.5,0.0,0.0,0.5,0,1,0.5,0.0,0.5,0,0.0,0.0,1,1,1,0,0,1,1,1,0,1,1.0,1,0,0,0,0,0.5,0.0,0.1693765185714286,0.1531,0.04334642857142857,0.5445000000000001,0.44320714285714297,-7.094142857142857,127.6905714285714,0.11381595464285714,0.658
36,282178861,0.685776644,0.528061191,0.49677724100000004,0.687024526,0.7369886090000001,1.0,0,0.0,1.0,1,1,0,0,1,1,0.0,0.0,1.0,0.0,0.5,1.0,0,1,0.5,0.0,0.5,0,0.0,1.0,0,0,1,0,1,0,1,0,0,0,0.0,1,0,1,0,0,0.0,1.0,0.03213469833333333,0.22802083333333337,0.05027083333333333,0.5230416666666667,0.6094208333333332,-6.6545,127.37550000000003,0.0956814708333333,0.7618333333333331
37,149194908,0.7401280140000001,0.551228084,0.620732159,0.5259669770000001,0.764441832,1.0,0,0.0,0.0,1,1,1,0,1,0,0.5,1.0,0.5,0.0,1.0,1.0,1,1,0.5,0.5,1.0,0,0.0,0.0,1,0,1,1,0,0,0,1,0,0,0.5,1,0,0,1,0,0.0,0.0,0.1224961834955752,0.19248230088495571,0.06047831858407083,0.5494867256637168,0.5075486725663717,-8.720477876106196,118.04464159292027,0.25702845207964603,0.6260464601769911
38,23501043,0.609613163,0.568683944,0.469836729,0.702015194,0.800904995,0.0,1,0.0,1.0,0,0,0,1,0,1,1.0,0.0,1.0,0.5,0.5,1.0,0,1,1.0,1.0,0.5,0,0.5,0.0,0,1,0,0,1,1,1,0,1,1,0.0,0,1,1,1,0,0.5,0.5,0.25656599999999996,0.18588461538461537,0.10479230769230768,0.31438076923076924,0.29515384615384616,-6.589153846153845,131.39611538461537,0.008188686153846152,0.9289230769230769
39,492455721,0.705349538,0.5479180929999999,0.477217365,0.8016816090000001,0.7263056940000001,1.0,0,1.0,0.5,1,1,0,0,0,1,0.0,0.0,1.0,0.5,1.0,1.0,0,0,0.5,0.5,0.0,0,0.0,1.0,1,0,1,0,0,0,1,0,0,0,0.0,1,0,1,0,0,0.0,1.0,0.06507606469387756,0.2690591836734693,0.06364693877551023,0.46681632653061217,0.5273673469387756,-7.970102040816327,129.28789795918368,0.20085096979591838,0.6640816326530612
40,251647948,0.7164094,0.595903463,0.5392153829999999,0.581805795,0.7284181890000001,1.0,1,0.5,0.5,0,0,0,1,1,1,0.5,0.5,0.5,0.5,0.5,1.0,1,1,0.5,1.0,0.5,0,1.0,0.0,0,1,0,0,1,1,1,0,0,1,0.0,0,0,0,0,0,0.0,0.0,0.036490658571428566,0.2584309523809523,0.11223095238095239,0.38676190476190475,0.42969761904761894,-4.340857142857143,148.6236428571428,0.023102873571428578,0.9191428571428573
41,1584975620,0.6783980359999999,0.650575384,0.489345682,0.344165326,0.8504169490000001,0.0,1,0.0,1.0,1,0,0,1,0,1,0.5,0.0,0.5,0.0,0.0,0.5,0,1,1.0,1.0,1.0,0,0.5,0.0,0,1,0,1,1,1,0,0,1,1,1.0,0,1,0,1,1,1.0,0.5,0.03765518041666666,0.15426666666666666,0.06507500000000001,0.5087083333333334,0.49537499999999995,-6.193499999999999,128.39920833333335,0.06226328291666669,0.812875
42,520741165,0.658124818,0.57334356,0.560910791,0.642167192,0.7471919309999999,1.0,1,1.0,0.5,0,0,0,1,0,0,1.0,0.5,1.0,0.5,0.5,1.0,1,0,0.0,1.0,0.5,1,1.0,0.5,0,1,0,0,1,1,1,0,1,1,0.0,0,1,1,1,0,0.0,0.5,0.10982821931818182,0.20255909090909088,0.061352272727272734,0.45809090909090905,0.4543409090909091,-6.909022727272728,126.98588636363637,0.029904592499999997,0.8252954545454544
43,270214872,0.7189267509999999,0.592532808,0.535367939,0.74270178,0.744401168,1.0,1,0.5,0.5,0,0,0,1,0,1,1.0,0.5,0.5,0.5,0.5,1.0,1,1,0.5,1.0,0.5,0,0.0,0.0,0,1,0,0,1,1,1,0,0,1,0.0,0,1,1,0,0,0.0,1.0,0.009029725925925927,0.20440000000000003,0.05127407407407407,0.6026666666666666,0.6658888888888888,-7.294222222222225,123.0028888888889,0.17505281481481486,0.7233333333333333
44,238684375,0.7209157340000001,0.559608855,0.572456579,0.655402112,0.787265508,1.0,0,1.0,0.5,0,1,0,0,1,0,0.0,0.5,1.0,0.5,1.0,1.0,0,0,0.5,0.0,0.5,0,0.5,1.0,0,0,1,0,0,0,0,0,0,0,0.0,1,0,1,0,0,0.0,1.0,0.01575783045454545,0.20589772727272715,0.10158030303030305,0.6374166666666669,0.5770984848484846,-9.102916666666669,118.04569696969695,0.2094456136363637,0.5792575757575757
45,27352873,0.753755828,0.691832583,0.584672919,0.49823442700000004,0.7493739309999999,0.5,1,1.0,0.5,1,1,1,0,1,0,0.0,1.0,1.0,1.0,1.0,1.0,0,0,0.0,0.0,0.0,1,1.0,1.0,1,0,1,0,0,0,1,1,0,0,0.0,0,0,1,0,1,0.0,0.5,2.9479746835443035e-06,0.16990379746835435,0.1410506329113924,0.6839113924050635,0.455848101265823,-6.953620253164559,121.0080759493671,0.135916,0.6045063291139241
46,1548741788,0.685024725,0.550473443,0.6131737829999999,0.553365917,0.767025684,1.0,1,1.0,0.5,0,0,0,1,1,0,1.0,0.5,1.0,0.5,1.0,1.0,1,0,0.5,1.0,0.5,1,1.0,1.0,0,0,0,0,1,0,1,0,0,1,0.0,0,1,1,1,0,0.0,1.0,0.06535642180327868,0.20738155737704925,0.06647868852459018,0.7436475409836059,0.7579844262295083,-9.234266393442633,113.46513524590159,0.14597061901639358,0.7252090163934426
47,2187167667,0.6725771970000001,0.5641869039999999,0.483205108,0.548134354,0.784025147,0.0,0,0.0,0.5,0,0,0,1,1,0,1.0,0.0,1.0,0.0,1.0,1.0,0,1,0.5,0.5,0.5,0,0.5,0.0,0,0,0,0,0,1,0,0,1,1,0.0,0,1,0,1,0,0.5,1.0,0.00641697,0.18988064516129033,0.12297741935483873,0.5504193548387096,0.39303548387096765,-6.600774193548385,118.96338709677421,0.17715887096774188,0.6953870967741933
48,1602608232,0.643044738,0.5271921310000001,0.5238536189999999,0.651474376,0.738077467,1.0,0,1.0,0.5,0,1,0,0,1,0,0.5,0.5,1.0,0.5,1.0,1.0,0,0,0.5,0.5,0.0,1,0.5,1.0,0,0,1,0,0,0,1,0,0,0,0.0,1,0,1,1,0,0.0,1.0,0.29631730079999996,0.13862999999999998,0.046678000000000004,0.6078600000000002,0.3262859999999999,-7.22486,126.61074000000002,0.06131601999999999,0.7215199999999996
49,87351610,0.7446567059999999,0.541004028,0.619743271,0.548357771,0.748150388,0.0,0,0.0,0.5,0,1,1,0,1,0,1.0,1.0,0.5,0.5,1.0,1.0,0,0,0.5,0.5,0.5,0,0.0,0.0,1,0,1,0,0,0,0,1,0,1,0.0,1,0,0,1,0,0.0,1.0,0.3777984716666667,0.12430333333333334,0.07863666666666669,0.6181,0.5009666666666667,-10.621633333333333,115.33876666666664,0.5041299999999999,0.4785333333333333
50,30609170,0.740218182,0.548342283,0.62774525,0.729743299,0.763448103,1.0,0,0.5,0.5,1,1,0,0,1,0,0.0,0.5,1.0,0.5,1.0,1.0,0,0,0.5,0.0,0.5,0,0.0,1.0,1,0,1,0,0,0,0,0,0,0,0.0,0,0,1,0,0,0.0,1.0,0.0006331254929577465,0.24200000000000002,0.1841316901408451,0.6356830985915494,0.5087323943661973,-6.276971830985914,111.81390845070422,0.14829982394366195,0.697330985915493
51,2260597448,0.716438942,0.550584894,0.600979311,0.589989792,0.773432695,1.0,0,1.0,1.0,0,1,0,0,1,0,0.5,0.5,1.0,0.0,0.5,1.0,1,1,0.5,1.0,0.5,0,0.0,0.5,0,0,1,0,1,0,0,0,0,1,0.0,1,0,1,1,0,0.0,1.0,0.04622057294498384,0.16834498381877,0.05098624595469259,0.6126996763754047,0.6120336569579286,-8.883567961165058,118.91816019417473,0.20492711326860835,0.6676619741100321
52,17622174,0.6985714820000001,0.557422239,0.574103201,0.626047851,0.73314533,1.0,1,1.0,0.5,0,0,0,1,0,0,1.0,0.5,1.0,0.5,1.0,1.0,0,0,0.0,0.5,0.0,1,1.0,1.0,0,0,0,0,0,0,1,0,0,1,0.0,0,0,1,1,0,0.0,0.5,0.44056535803571417,0.14971428571428572,0.048569642857142846,0.6245714285714284,0.5130285714285716,-10.337928571428574,112.23966071428573,0.49133571428571426,0.5047446428571428
53,1617892824,0.698758787,0.547191875,0.551081499,0.579044332,0.718483451,1.0,0,0.0,0.5,0,1,0,0,0,0,0.0,0.5,1.0,0.5,1.0,1.0,0,0,0.5,0.5,0.5,0,0.0,1.0,0,0,1,0,0,0,1,0,0,0,0.0,1,0,0,0,0,0.0,1.0,0.174,0.10556493506493506,0.10298441558441555,0.6679610389610394,0.2867012987012987,-7.1275324675324665,121.8307402597402,0.19545974025974017,0.5578051948051952
54,1366692398,0.727943702,0.515159561,0.6151857239999999,0.817029573,0.749477015,1.0,0,0.0,0.0,1,1,1,0,1,0,0.0,0.5,1.0,0.5,1.0,1.0,0,0,0.5,0.5,0.5,0,0.0,0.0,1,0,1,0,0,0,0,1,0,0,0.0,1,0,0,1,0,0.0,1.0,0.19645025148148146,0.14147037037037039,0.04717777777777777,0.5833592592592592,0.5871666666666667,-12.664851851851857,111.35931481481485,0.34043223148148155,0.5155037037037038
55,295885877,0.797287357,0.655046824,0.5726710279999999,0.502675113,0.749529853,0.5,1,0.5,0.0,1,1,1,0,1,1,0.0,1.0,0.0,1.0,0.0,0.5,0,0,0.0,0.0,1.0,0,0.0,0.0,1,1,1,0,0,0,0,1,0,0,1.0,1,0,0,0,1,0.5,0.5,0.019775526785714304,0.20313214285714287,0.07083392857142859,0.5948035714285714,0.4964982142857143,-5.8828392857142875,118.85798214285708,0.12151058392857139,0.7190714285714288
56,418819750,0.706409297,0.552974349,0.5579609320000001,0.712530625,0.784229375,0.0,0,0.0,1.0,1,0,1,1,0,1,0.5,0.5,0.5,0.5,0.0,0.5,0,1,0.5,1.0,1.0,0,0.0,0.0,0,0,1,0,1,1,0,1,0,1,0.5,1,1,0,1,0,1.0,1.0,0.0570722580944625,0.17890977198697078,0.04823599348534199,0.5496514657980457,0.5241221498371336,-6.935845276872959,120.47295114006516,0.16319647488599365,0.7024143322475559
57,324749058,0.717043013,0.618807314,0.572116905,0.478336049,0.73060139,1.0,1,1.0,0.0,0,0,1,0,1,1,1.0,1.0,0.5,0.5,0.0,0.5,1,1,0.0,1.0,0.5,1,1.0,0.5,1,1,1,1,1,1,1,1,1,1,1.0,0,1,0,1,0,0.5,0.0,0.09147109953781508,0.19439789915966402,0.06283235294117648,0.49232773109243694,0.444766386554622,-6.779424369747897,131.34777731092436,0.13169971739495803,0.7453361344537813
58,20111329,0.713428683,0.49290179700000003,0.617475696,0.44411174700000006,0.718630641,1.0,0,0.0,0.0,1,1,1,0,1,0,0.5,0.5,0.5,0.0,1.0,1.0,1,1,0.5,0.5,0.5,0,0.0,0.5,1,0,1,1,0,0,0,1,0,0,0.0,1,0,0,1,0,0.0,0.0,0.0007971561111111112,0.1662722222222222,0.03269722222222222,0.5984444444444447,0.539861111111111,-5.4054166666666665,121.28011111111108,0.10194388888888889,0.7341111111111114
59,14203234,0.682473938,0.522549396,0.522377546,0.677540184,0.75989293,1.0,0,0.0,1.0,1,1,0,0,1,0,0.5,0.5,1.0,0.0,1.0,1.0,0,1,0.5,1.0,0.5,0,0.0,0.0,0,0,1,0,1,0,0,0,0,1,0.0,1,0,0,1,0,0.0,1.0,0.553860547047817,0.1686983367983367,0.04875291666666669,0.5295170833333336,0.31505770833333335,-10.383241164241166,119.71448024948022,0.36559511800415784,0.5483598991683997
60,359122436,0.735312822,0.59644025,0.625729404,0.40943556799999997,0.764661315,1.0,0,1.0,0.5,0,1,0,0,1,0,0.0,0.5,1.0,0.5,1.0,1.0,0,0,0.5,0.0,0.5,0,0.5,1.0,0,0,1,0,0,0,0,0,0,0,0.0,1,0,1,0,0,0.0,1.0,0.003142852173913043,0.23365000000000002,0.1463065217391304,0.6892608695652174,0.6014782608695652,-6.547456521739131,119.48580434782612,0.11559465217391304,0.7014347826086956
61,17945688,0.75995353,0.536039256,0.6030727379999999,0.628175765,0.76195046,0.0,0,0.0,0.5,1,1,1,0,1,0,0.0,1.0,1.0,1.0,1.0,1.0,0,0,0.5,0.5,0.5,0,0.0,0.0,1,0,1,0,0,0,0,1,0,0,0.0,1,0,0,1,0,0.0,1.0,0.16187248340101518,0.15050253807106612,0.07955126903553296,0.6400203045685275,0.5755634517766497,-8.78629949238578,114.38474619289336,0.2912446345177665,0.5705624365482233
62,585098987,0.71803238,0.545089299,0.597152087,0.671551986,0.756172974,1.0,0,0.0,1.0,1,1,0,0,1,0,0.0,0.5,1.0,0.5,1.0,1.0,0,0,0.5,0.5,0.5,0,0.0,1.0,1,0,1,0,0,0,0,0,0,0,0.0,1,0,1,0,0,0.0,1.0,0.019591279516129028,0.1850860215053763,0.04219032258064517,0.5502150537634409,0.4701897849462367,-7.922053763440863,120.4036021505376,0.24862615591397844,0.6244838709677417
63,188814914,0.7377544890000001,0.608805839,0.56728039,0.33344983899999997,0.751468185,1.0,0,1.0,0.5,1,1,0,0,1,0,0.0,0.5,1.0,1.0,1.0,1.0,0,0,0.5,0.0,0.0,1,0.5,1.0,1,0,0,0,0,0,0,0,0,0,0.0,1,0,1,0,0,0.0,0.0,0.04860326074074074,0.20284444444444444,0.0991,0.6137037037037035,0.5015555555555555,-7.5560740740740755,110.45218518518516,0.13186927037037038,0.6409259259259259
64,16634031,0.7272449809999999,0.52263724,0.612302668,0.560547699,0.7212547709999999,1.0,0,0.5,0.5,1,1,0,0,1,0,0.0,0.5,1.0,0.5,1.0,1.0,0,0,0.5,0.5,0.5,0,0.0,1.0,1,0,1,0,0,0,0,1,0,0,0.0,1,0,0,0,0,0.0,1.0,0.007559613643724691,0.1929024291497977,0.1355611336032389,0.6384008097165991,0.5384453441295544,-7.0390607287449365,114.94737651821872,0.1585605951417004,0.6292955465587041
65,731281268,0.65835719,0.548444544,0.520811096,0.682944137,0.764495527,1.0,0,0.0,0.5,0,1,0,0,1,0,0.5,0.0,1.0,0.5,1.0,1.0,0,0,0.5,0.0,0.5,0,0.5,1.0,0,0,0,0,0,0,0,0,0,0,0.0,0,0,1,0,0,0.0,1.0,0.19693123452631586,0.11828526315789471,0.08487368421052639,0.592978947368421,0.2666915789473686,-6.334936842105264,142.43365263157892,0.02505785263157895,0.8594315789473679
66,2165393701,0.675298755,0.544775562,0.478323692,0.9177386329999999,0.686749446,1.0,0,1.0,0.5,0,0,0,0,1,0,0.0,0.0,1.0,0.5,0.5,1.0,0,0,0.5,0.5,0.0,1,0.5,1.0,0,0,0,0,0,0,1,0,0,0,0.0,0,0,1,0,0,0.0,1.0,0.019083383409090913,0.24642727272727266,0.25015454545454535,0.6820454545454546,0.6974772727272729,-5.674954545454546,109.24456818181817,0.19062086363636366,0.7533409090909089
67,827789010,0.7026685690000001,0.5450755829999999,0.616939943,0.664024606,0.776307533,0.0,0,0.0,0.5,1,0,0,1,0,0,1.0,0.5,1.0,0.5,1.0,1.0,0,0,0.5,0.5,0.5,0,0.0,0.0,0,0,1,0,1,1,0,1,0,1,0.0,0,1,1,1,0,0.0,1.0,0.1526039075862069,0.18332586206896545,0.05913827586206897,0.5350037931034477,0.552521034482758,-8.533906896551724,122.62510689655173,0.2069042177931034,0.6849037931034487
68,1371406783,0.696069273,0.541726984,0.55936198,0.814560319,0.74027624,1.0,0,1.0,0.5,0,0,0,0,0,0,1.0,0.5,1.0,0.5,0.5,1.0,0,0,0.5,1.0,0.5,0,0.0,1.0,0,0,1,0,0,0,1,0,0,1,0.0,1,0,1,1,0,0.0,1.0,0.0028278842666666685,0.21534816666666662,0.06461183333333333,0.5966783333333333,0.4829689999999999,-5.0405450000000105,125.21298833333346,0.12382680166666683,0.7265300000000009
69,1268222954,0.680625,0.592418914,0.517763822,0.762635663,0.70354819,1.0,1,1.0,0.5,0,0,0,1,0,1,0.5,0.0,1.0,0.5,0.5,1.0,0,0,0.0,1.0,0.5,0,0.5,1.0,0,1,0,0,0,0,1,0,0,1,0.0,0,0,1,0,0,0.0,1.0,0.0056932739060939035,0.20315094905095077,0.2451075924075906,0.6367652347652396,0.5141811188811116,-3.7614695304695154,131.92711988012013,0.08442576923076854,0.8186473526473617
70,377213856,0.74976962,0.562397638,0.593432,0.47685939899999996,0.7989588459999999,1.0,0,0.0,0.5,1,1,1,0,1,0,0.0,0.5,1.0,1.0,1.0,1.0,0,1,0.5,0.5,0.5,0,0.0,0.0,1,0,1,0,0,0,0,1,0,0,0.0,1,0,0,0,0,0.0,1.0,0.026519501087719315,0.1987529824561403,0.14719157894736856,0.6270421052631581,0.5300428070175438,-7.329785964912276,115.83484912280697,0.2209450530526316,0.6516968421052628
71,36995775,0.6717581220000001,0.521403697,0.53156372,0.581626008,0.76994124,0.0,0,0.0,1.0,0,0,0,1,0,1,1.0,0.0,0.5,0.5,0.5,0.5,0,1,0.5,1.0,1.0,0,0.5,0.0,0,0,0,0,1,1,1,0,1,1,1.0,0,1,0,1,0,1.0,0.0,0.1545311408,0.23821600000000004,0.05682399999999999,0.58832,0.7614399999999999,-8.956880000000002,118.00420000000003,0.4269400000000001,0.70556
72,207571128,0.805848727,0.621454764,0.47951274899999996,0.61156345,0.734290723,1.0,0,0.5,0.0,1,1,1,0,1,0,0.0,0.5,1.0,1.0,1.0,1.0,0,0,0.5,0.0,0.0,1,0.0,1.0,1,0,1,0,0,0,0,1,0,0,0.0,1,0,0,0,0,0.0,1.0,0.0025163007272727277,0.1773072727272727,0.07317636363636364,0.6244545454545453,0.5426727272727273,-5.243727272727271,124.23403636363635,0.11536327272727279,0.7247818181818182
73,2179120032,0.663208934,0.531933546,0.540256584,0.6869637740000001,0.806790245,0.0,0,0.0,1.0,1,0,0,1,1,0,0.5,0.0,1.0,0.0,0.5,1.0,1,1,0.5,1.0,0.5,0,0.0,0.0,0,0,0,0,1,1,0,0,0,1,0.0,0,1,1,1,0,1.0,1.0,0.10189437517241381,0.3136137931034483,0.07038965517241379,0.556206896551724,0.3950000000000001,-8.13948275862069,125.63948275862069,0.2434613103448276,0.6071724137931034
74,132787611,0.716505975,0.598162302,0.538665364,0.582116292,0.728926637,1.0,1,0.5,0.5,0,0,0,1,1,1,1.0,0.5,0.5,0.5,0.5,0.5,1,1,0.5,0.0,0.5,0,1.0,0.0,0,1,0,0,1,1,1,0,1,1,0.0,0,0,0,1,0,0.0,0.5,0.009016280000000002,0.1615272727272727,0.06771688311688313,0.7188571428571431,0.7560766233766231,-6.048279220779221,131.74678571428575,0.3082324025974027,0.7267987012987014
75,1231622953,0.6616833000000001,0.530407386,0.544234317,0.584202914,0.760757672,1.0,0,0.0,1.0,1,1,0,0,1,0,0.5,0.0,1.0,0.5,1.0,1.0,0,0,0.5,0.0,0.5,0,0.5,1.0,0,0,0,0,0,0,0,0,0,0,0.0,1,0,1,1,0,0.0,1.0,0.0761196408,0.173296,0.05126,0.44175999999999993,0.5125200000000001,-5.3607200000000015,114.26611999999999,0.1492176192,0.79304
76,1116024253,0.754485882,0.5018207579999999,0.6668764229999999,0.332464996,0.743116973,0.0,1,0.0,0.0,1,1,1,0,1,1,1.0,1.0,0.5,0.0,0.0,0.5,1,1,0.5,1.0,1.0,0,0.0,0.0,1,0,1,1,1,1,0,1,0,1,0.5,1,0,0,1,0,0.0,0.0,0.004278062645161291,0.18517741935483875,0.03779548387096774,0.5797870967741936,0.5822709677419353,-5.330161290322585,126.82234838709675,0.16054193548387105,0.7455225806451614
77,848051089,0.7175311609999999,0.562979209,0.612168467,0.5519929370000001,0.751215007,1.0,0,1.0,0.5,0,0,0,0,1,0,0.5,0.5,1.0,0.5,0.5,1.0,1,1,0.5,1.0,0.5,0,1.0,0.5,0,0,1,0,1,0,0,0,0,1,0.0,1,1,1,1,0,0.0,1.0,0.012870525380281675,0.184849014084507,0.0757287323943661,0.6031577464788735,0.5101915492957757,-8.192853521126755,122.15408169014091,0.2602537464788734,0.6235521126760557
78,381616167,0.723741257,0.575711185,0.545955665,0.27884135,0.769253532,0.0,1,0.0,0.0,0,0,1,1,0,1,1.0,1.0,0.0,0.0,0.0,0.0,1,1,0.5,1.0,1.0,0,0.0,0.0,0,1,1,1,1,1,0,1,1,1,1.0,1,1,0,1,1,1.0,0.0,0.12915598945945944,0.1822432432432433,0.04934054054054056,0.4732972972972973,0.36665405405405416,-7.943378378378376,106.32997297297294,0.2581952972972973,0.7201621621621623
79,1131815390,0.638112464,0.581952925,0.413379348,0.49211440799999995,0.747923862,0.0,1,0.0,1.0,1,0,0,1,0,1,0.5,0.0,0.5,0.0,0.0,0.5,0,1,0.5,1.0,1.0,0,0.5,0.0,0,1,0,0,1,1,0,0,1,1,1.0,0,1,0,1,0,0.5,0.5,0.24641319133928558,0.20043839285714288,0.09472276785714288,0.33990178571428553,0.2980093749999999,-6.2030446428571455,126.77525446428568,0.01028328486607143,0.9108035714285716
80,2232998196,0.750193856,0.576375303,0.564452376,0.598528674,0.8103575279999999,1.0,0,0.0,1.0,1,1,1,0,1,0,0.0,0.5,1.0,0.5,1.0,1.0,0,1,0.5,0.5,0.5,0,0.0,0.0,1,0,1,0,0,0,0,1,0,0,0.5,1,0,0,0,0,0.0,1.0,0.15048698387096776,0.08485483870967742,0.06978387096774195,0.6717419354838708,0.5981612903225806,-7.035612903225805,99.7542903225806,0.083185,0.6789354838709677
81,471944004,0.679648994,0.583072548,0.533609562,0.5853085720000001,0.76494102,1.0,0,1.0,0.5,0,1,0,0,1,0,0.0,0.0,1.0,0.5,1.0,1.0,0,0,0.5,0.5,0.0,1,0.5,1.0,0,0,0,0,0,0,1,0,0,0,0.0,0,0,1,0,0,0.0,1.0,0.11981680363636366,0.22973181818181815,0.11453181818181819,0.4926363636363637,0.5499181818181819,-7.951090909090908,117.40049999999998,0.1440866277272727,0.7639545454545456
82,556459171,0.682363773,0.506189536,0.5478239570000001,0.8053486809999999,0.7271431829999999,1.0,0,1.0,0.5,0,1,0,0,1,0,0.0,0.5,1.0,0.5,1.0,1.0,0,0,0.5,0.0,0.0,1,0.5,1.0,1,0,1,0,0,0,1,0,0,0,0.0,0,0,1,0,0,0.0,1.0,0.006090963555555556,0.13670333333333337,0.09379444444444446,0.6340111111111113,0.4802333333333334,-6.669566666666669,113.77656666666672,0.22673351000000003,0.6362333333333331
83,136687418,0.7391205540000001,0.579398149,0.554479982,0.458554665,0.7391194409999999,0.0,1,0.0,0.5,1,1,1,0,0,1,0.0,1.0,0.0,1.0,0.0,0.5,0,1,0.5,1.0,1.0,0,0.0,0.0,1,1,1,1,0,1,1,1,0,1,1.0,1,0,0,1,0,1.0,0.0,0.10127132023809524,0.17878333333333335,0.0477095238095238,0.5471666666666668,0.5645,-7.408880952380951,118.73680952380953,0.25229290476190475,0.6649761904761906
84,49221326,0.763450235,0.5709961179999999,0.590709068,0.545225716,0.751868683,1.0,0,0.5,0.5,1,1,1,0,1,0,0.0,0.5,1.0,1.0,1.0,1.0,0,0,0.5,0.5,0.0,0,0.0,1.0,1,0,1,0,0,0,0,1,0,0,0.0,1,0,0,0,0,0.0,1.0,5.424358974358974e-06,0.2129487179487178,0.05355384615384614,0.6100256410256407,0.28356410256410275,-7.3106923076923085,98.8882051282051,0.3478538461538462,0.5643333333333331
85,1906126580,0.711585111,0.548773431,0.583851583,0.523860855,0.771501491,1.0,0,0.0,1.0,0,1,0,0,1,0,0.5,0.5,1.0,0.0,0.5,1.0,1,1,0.5,0.0,0.5,0,0.0,0.5,0,0,1,1,1,0,0,0,0,1,0.0,1,0,1,1,0,0.0,1.0,0.0007535686913580236,0.16706370370370363,0.03976333333333335,0.5689234567901226,0.580931728395062,-5.114488888888879,129.57166666666646,0.15209586296296312,0.7582069135802482
86,338572180,0.65985888,0.473202285,0.559719041,0.708229381,0.736631997,1.0,0,0.0,0.5,0,1,0,0,1,0,0.5,0.5,1.0,0.5,1.0,1.0,0,0,0.5,0.5,0.5,0,0.0,1.0,0,0,1,0,0,0,1,0,0,1,0.0,1,0,1,1,0,0.0,1.0,0.0735237931034483,0.09606896551724138,0.036324137931034485,0.6881034482758618,0.7387931034482759,-9.791862068965516,120.41468965517247,0.4089413793103448,0.6255862068965518
87,1554866238,0.690815594,0.580167176,0.555785303,0.523383175,0.817323776,0.0,1,0.0,1.0,0,0,0,1,1,1,1.0,0.0,0.5,0.0,0.5,1.0,1,1,1.0,1.0,1.0,0,0.5,0.0,0,0,0,1,1,1,0,0,1,1,1.0,0,1,0,1,0,1.0,0.0,0.010105621500000002,0.19327000000000003,0.07521499999999999,0.6926500000000001,0.6024,-10.01805,108.60015000000003,0.214895,0.56115
88,110480487,0.7431546809999999,0.60999285,0.593418056,0.520798973,0.7485988109999999,0.0,1,0.5,0.5,0,0,1,1,1,0,1.0,1.0,0.5,0.5,0.0,0.5,1,0,0.5,0.0,0.5,0,1.0,0.0,0,0,1,0,1,1,0,1,0,1,0.0,1,1,0,1,0,1.0,0.5,0.01745200545454545,0.14667999999999998,0.04411818181818181,0.6157636363636362,0.6407090909090911,-8.18530909090909,124.3651636363636,0.18448127272727272,0.6944727272727272
89,319544563,0.733817962,0.577382395,0.5471430070000001,0.630663403,0.780561231,0.0,1,0.0,1.0,1,0,1,1,0,1,1.0,1.0,0.5,0.5,0.0,0.5,0,1,0.5,1.0,1.0,0,0.0,0.0,0,0,1,1,1,1,0,1,0,1,1.0,1,1,0,1,0,1.0,0.5,0.22069078466666667,0.2543233333333333,0.05703333333333333,0.5133333333333333,0.5533,-6.244766666666668,124.79256666666667,0.14075137333333335,0.772233333333333
90,374700284,0.7150927840000001,0.59590174,0.543250735,0.65115417,0.7330339490000001,1.0,0,0.0,0.5,0,0,0,1,1,1,0.5,0.5,0.5,0.5,0.5,1.0,1,1,0.5,0.0,0.5,0,0.5,0.0,0,1,0,0,1,1,1,0,0,1,0.0,0,0,1,0,0,0.0,1.0,0.2551414479166667,0.23986666666666667,0.10300833333333335,0.2954583333333333,0.346425,-4.423,136.3505416666667,0.006828951249999999,0.9402083333333334
91,107387041,0.628027871,0.569690091,0.487494593,0.6294973739999999,0.779253547,0.0,1,1.0,0.5,0,0,0,1,0,0,1.0,0.0,1.0,0.5,0.5,1.0,0,1,0.5,1.0,0.5,1,0.5,0.0,0,1,0,0,1,1,1,0,1,1,0.0,0,1,1,1,0,0.5,0.5,0.3689794045614035,0.17784912280701753,0.056696491228070196,0.2881456140350877,0.3071,-7.1261403508771926,120.2634035087719,0.03822060894736843,0.7714736842105265
92,17265787,0.695888195,0.590312124,0.533563514,0.7728520809999999,0.838964783,0.0,1,0.0,1.0,0,0,0,1,0,1,1.0,1.0,0.5,0.5,0.5,0.0,1,1,1.0,1.0,1.0,0,0.5,0.0,0,1,0,1,1,1,1,0,1,1,1.0,0,1,0,1,1,1.0,0.5,0.5770007580645166,0.1915709677419354,0.052916129032258036,0.635774193548387,0.6700322580645157,-12.477709677419353,98.62580645161286,0.684612903225806,0.506064516129032
93,1629243692,0.7281209190000001,0.528538395,0.625882039,0.722927313,0.75601568,1.0,0,0.0,0.5,0,1,1,0,1,0,0.5,0.5,1.0,0.5,1.0,1.0,0,1,0.5,0.0,0.5,0,0.0,0.5,0,0,1,0,0,0,0,1,0,1,0.0,1,0,1,1,0,0.0,1.0,0.01750648299999999,0.1958234782608696,0.07043869565217388,0.6331130434782601,0.5317134782608698,-5.478852173913043,121.8818173913044,0.12533170869565213,0.7178434782608699
94,551291366,0.69153973,0.5332944470000001,0.58983999,0.569178644,0.77004451,1.0,0,0.0,1.0,1,0,0,0,1,0,0.5,0.5,0.5,0.5,0.5,1.0,1,1,0.5,1.0,0.5,0,0.0,0.0,0,0,1,0,1,1,0,0,0,1,0.0,1,1,0,1,0,0.0,1.0,0.03242243358267714,0.21449015748031502,0.05221732283464568,0.5176181102362203,0.6183818897637792,-8.969925196850395,125.0269763779527,0.13457061153543312,0.6993543307086615
95,1587472880,0.717560141,0.595867609,0.537939746,0.48852882200000003,0.7391525659999999,1.0,1,0.0,1.0,0,0,0,0,1,1,0.5,0.0,0.5,0.0,0.0,0.5,1,1,0.5,1.0,0.5,0,0.5,0.0,0,1,1,1,1,1,0,1,0,1,0.0,1,0,0,1,0,0.0,0.0,0.008086516428571429,0.14632142857142857,0.05926785714285714,0.7282500000000002,0.8554642857142856,-7.485642857142856,126.25107142857144,0.3611321428571429,0.6496428571428572
96,31219247,0.7016944190000001,0.6263768479999999,0.5464864629999999,0.459462364,0.7283034079999999,1.0,1,1.0,0.5,0,0,0,1,1,0,0.0,0.0,1.0,0.5,0.5,1.0,0,0,0.0,0.5,0.5,1,1.0,1.0,0,1,0,0,0,0,1,0,1,1,0.0,0,0,1,0,0,0.5,0.5,0.04115014304347825,0.15225652173913046,0.03986521739130435,0.5159565217391304,0.644,-10.700260869565218,123.52839130434783,0.1353221739130435,0.6208260869565219
